AÑO,TRIMESTRE,PROVEEDOR,SEGMENTO,TERMINAL,TECNOLOGÍA,No. ABONADOS
2023,2,ALMACENES EXITO INVERSIONES S.A.S.,PREPAGO,TELÉFONO MÓVIL,3G,17196
2023,2,ALMACENES EXITO INVERSIONES S.A.S.,PREPAGO,TELÉFONO MÓVIL,4G,331268
2023,2,COLOMBIA MOVIL  S.A ESP,POSPAGO,DATA CARD,4G,0
2023,2,COLOMBIA MOVIL  S.A ESP,POSPAGO,DATA CARD,3G,1
2023,2,COLOMBIA MOVIL  S.A ESP,POSPAGO,TELÉFONO MÓVIL,3G,102
2023,2,COLOMBIA MOVIL  S.A ESP,POSPAGO,TELÉFONO MÓVIL,4G,136
2023,2,COLOMBIA MOVIL  S.A ESP,PREPAGO,DATA CARD,3G,1288
2023,2,COLOMBIA MOVIL  S.A ESP,PREPAGO,DATA CARD,4G,5053
2023,2,COLOMBIA MOVIL  S.A ESP,PREPAGO,TELÉFONO MÓVIL,3G,462741
2023,2,COLOMBIA MOVIL  S.A ESP,PREPAGO,TELÉFONO MÓVIL,4G,3893006
2023,2,COLOMBIA TELECOMUNICACIONES S.A. E.S.P.,POSPAGO,TELÉFONO MÓVIL,2G,23
2023,2,COLOMBIA TELECOMUNICACIONES S.A. E.S.P.,POSPAGO,DATA CARD,4G,472
2023,2,COLOMBIA TELECOMUNICACIONES S.A. E.S.P.,POSPAGO,DATA CARD,3G,528
2023,2,COLOMBIA TELECOMUNICACIONES S.A. E.S.P.,POSPAGO,TELÉFONO MÓVIL,3G,1994
2023,2,COLOMBIA TELECOMUNICACIONES S.A. E.S.P.,POSPAGO,DATA CARD,2G,4635
2023,2,COLOMBIA TELECOMUNICACIONES S.A. E.S.P.,PREPAGO,DATA CARD,2G,5313
2023,2,COLOMBIA TELECOMUNICACIONES S.A. E.S.P.,PREPAGO,DATA CARD,3G,6403
2023,2,COLOMBIA TELECOMUNICACIONES S.A. E.S.P.,PREPAGO,DATA CARD,4G,13506
2023,2,COLOMBIA TELECOMUNICACIONES S.A. E.S.P.,POSPAGO,TELÉFONO MÓVIL,4G,27971
2023,2,COLOMBIA TELECOMUNICACIONES S.A. E.S.P.,PREPAGO,TELÉFONO MÓVIL,2G,41322
2023,2,COLOMBIA TELECOMUNICACIONES S.A. E.S.P.,PREPAGO,TELÉFONO MÓVIL,3G,475991
2023,2,COLOMBIA TELECOMUNICACIONES S.A. E.S.P.,PREPAGO,TELÉFONO MÓVIL,4G,2742095
2023,2,COMUNICACION CELULAR S A COMCEL S A,PREPAGO,TELÉFONO MÓVIL,5G,0
2023,2,COMUNICACION CELULAR S A COMCEL S A,POSPAGO,TELÉFONO MÓVIL,5G,0
2023,2,COMUNICACION CELULAR S A COMCEL S A,POSPAGO,DATA CARD,5G,0
2023,2,COMUNICACION CELULAR S A COMCEL S A,PREPAGO,DATA CARD,5G,0
2023,2,COMUNICACION CELULAR S A COMCEL S A,POSPAGO,DATA CARD,2G,2
2023,2,COMUNICACION CELULAR S A COMCEL S A,POSPAGO,DATA CARD,3G,5
2023,2,COMUNICACION CELULAR S A COMCEL S A,POSPAGO,DATA CARD,4G,58
2023,2,COMUNICACION CELULAR S A COMCEL S A,POSPAGO,TELÉFONO MÓVIL,2G,119
2023,2,COMUNICACION CELULAR S A COMCEL S A,PREPAGO,DATA CARD,2G,211
2023,2,COMUNICACION CELULAR S A COMCEL S A,POSPAGO,TELÉFONO MÓVIL,3G,836
2023,2,COMUNICACION CELULAR S A COMCEL S A,PREPAGO,DATA CARD,3G,3250
2023,2,COMUNICACION CELULAR S A COMCEL S A,POSPAGO,TELÉFONO MÓVIL,4G,3671
2023,2,COMUNICACION CELULAR S A COMCEL S A,PREPAGO,DATA CARD,4G,23175
2023,2,COMUNICACION CELULAR S A COMCEL S A,PREPAGO,TELÉFONO MÓVIL,2G,188616
2023,2,COMUNICACION CELULAR S A COMCEL S A,PREPAGO,TELÉFONO MÓVIL,3G,2016383
2023,2,COMUNICACION CELULAR S A COMCEL S A,PREPAGO,TELÉFONO MÓVIL,4G,13560715
2023,2,EMPRESA DE TELECOMUNICACIONES DE BOGOTA S.A. ESP,PREPAGO,TELÉFONO MÓVIL,3G,2335
2023,2,EMPRESA DE TELECOMUNICACIONES DE BOGOTA S.A. ESP,PREPAGO,TELÉFONO MÓVIL,4G,54600
2023,2,INSIDENET SAS,POSPAGO,DATA CARD,2G,75
2023,2,LIWA SAS ESP,PREPAGO,TELÉFONO MÓVIL,3G,18
2023,2,LIWA SAS ESP,PREPAGO,TELÉFONO MÓVIL,4G,556
2023,2,LOGISTICA FLASH COLOMBIA S.A.S,PREPAGO,TELÉFONO MÓVIL,3G,2341
2023,2,LOGISTICA FLASH COLOMBIA S.A.S,PREPAGO,TELÉFONO MÓVIL,4G,47784
2023,2,LOV TELECOMUNICACIONES SAS,PREPAGO,TELÉFONO MÓVIL,3G,211
2023,2,LOV TELECOMUNICACIONES SAS,PREPAGO,TELÉFONO MÓVIL,4G,1786
2023,2,PARTNERS TELECOM COLOMBIA SAS,PREPAGO,TELÉFONO MÓVIL,3G,126507
2023,2,PARTNERS TELECOM COLOMBIA SAS,PREPAGO,TELÉFONO MÓVIL,4G,579018
2023,2,SETROC MOBILE GROUP SAS,PREPAGO,TELÉFONO MÓVIL,4G,0
2023,2,SUMA MOVIL S.A.S.,PREPAGO,TELÉFONO MÓVIL,3G,868
2023,2,SUMA MOVIL S.A.S.,PREPAGO,TELÉFONO MÓVIL,4G,13846
2023,2,VIRGIN MOBILE COLOMBIA S.A.S.,PREPAGO,TELÉFONO MÓVIL,2G,21461
2023,2,VIRGIN MOBILE COLOMBIA S.A.S.,PREPAGO,TELÉFONO MÓVIL,3G,64860
2023,2,VIRGIN MOBILE COLOMBIA S.A.S.,PREPAGO,TELÉFONO MÓVIL,4G,462930
2023,3,ALMACENES EXITO INVERSIONES S.A.S.,PREPAGO,TELÉFONO MÓVIL,3G,15970
2023,3,ALMACENES EXITO INVERSIONES S.A.S.,PREPAGO,TELÉFONO MÓVIL,4G,338957
2023,3,COLOMBIA MOVIL  S.A ESP,POSPAGO,DATA CARD,4G,0
2023,3,COLOMBIA MOVIL  S.A ESP,POSPAGO,DATA CARD,3G,1
2023,3,COLOMBIA MOVIL  S.A ESP,POSPAGO,TELÉFONO MÓVIL,4G,109
2023,3,COLOMBIA MOVIL  S.A ESP,POSPAGO,TELÉFONO MÓVIL,3G,113
2023,3,COLOMBIA MOVIL  S.A ESP,PREPAGO,DATA CARD,3G,1292
2023,3,COLOMBIA MOVIL  S.A ESP,PREPAGO,DATA CARD,4G,5258
2023,3,COLOMBIA MOVIL  S.A ESP,PREPAGO,TELÉFONO MÓVIL,3G,414510
2023,3,COLOMBIA MOVIL  S.A ESP,PREPAGO,TELÉFONO MÓVIL,4G,3991615
2023,3,COLOMBIA TELECOMUNICACIONES S.A. E.S.P.,POSPAGO,TELÉFONO MÓVIL,2G,13
2023,3,COLOMBIA TELECOMUNICACIONES S.A. E.S.P.,POSPAGO,DATA CARD,4G,78
2023,3,COLOMBIA TELECOMUNICACIONES S.A. E.S.P.,POSPAGO,DATA CARD,3G,387
2023,3,COLOMBIA TELECOMUNICACIONES S.A. E.S.P.,POSPAGO,TELÉFONO MÓVIL,3G,1657
2023,3,COLOMBIA TELECOMUNICACIONES S.A. E.S.P.,POSPAGO,DATA CARD,2G,2075
2023,3,COLOMBIA TELECOMUNICACIONES S.A. E.S.P.,PREPAGO,DATA CARD,2G,4988
2023,3,COLOMBIA TELECOMUNICACIONES S.A. E.S.P.,PREPAGO,DATA CARD,3G,6066
2023,3,COLOMBIA TELECOMUNICACIONES S.A. E.S.P.,PREPAGO,DATA CARD,4G,13396
2023,3,COLOMBIA TELECOMUNICACIONES S.A. E.S.P.,POSPAGO,TELÉFONO MÓVIL,4G,24666
2023,3,COLOMBIA TELECOMUNICACIONES S.A. E.S.P.,PREPAGO,TELÉFONO MÓVIL,2G,37801
2023,3,COLOMBIA TELECOMUNICACIONES S.A. E.S.P.,PREPAGO,TELÉFONO MÓVIL,3G,459248
2023,3,COLOMBIA TELECOMUNICACIONES S.A. E.S.P.,PREPAGO,TELÉFONO MÓVIL,4G,2785590
2023,3,COMUNICACION CELULAR S A COMCEL S A,POSPAGO,TELÉFONO MÓVIL,5G,0
2023,3,COMUNICACION CELULAR S A COMCEL S A,PREPAGO,DATA CARD,5G,0
2023,3,COMUNICACION CELULAR S A COMCEL S A,POSPAGO,DATA CARD,5G,0
2023,3,COMUNICACION CELULAR S A COMCEL S A,PREPAGO,TELÉFONO MÓVIL,5G,0
2023,3,COMUNICACION CELULAR S A COMCEL S A,POSPAGO,DATA CARD,2G,0
2023,3,COMUNICACION CELULAR S A COMCEL S A,POSPAGO,DATA CARD,3G,6
2023,3,COMUNICACION CELULAR S A COMCEL S A,POSPAGO,DATA CARD,4G,58
2023,3,COMUNICACION CELULAR S A COMCEL S A,POSPAGO,TELÉFONO MÓVIL,2G,81
2023,3,COMUNICACION CELULAR S A COMCEL S A,PREPAGO,DATA CARD,2G,166
2023,3,COMUNICACION CELULAR S A COMCEL S A,POSPAGO,TELÉFONO MÓVIL,3G,753
2023,3,COMUNICACION CELULAR S A COMCEL S A,PREPAGO,DATA CARD,3G,2832
2023,3,COMUNICACION CELULAR S A COMCEL S A,POSPAGO,TELÉFONO MÓVIL,4G,3400
2023,3,COMUNICACION CELULAR S A COMCEL S A,PREPAGO,DATA CARD,4G,21181
2023,3,COMUNICACION CELULAR S A COMCEL S A,PREPAGO,TELÉFONO MÓVIL,2G,166684
2023,3,COMUNICACION CELULAR S A COMCEL S A,PREPAGO,TELÉFONO MÓVIL,3G,1805783
2023,3,COMUNICACION CELULAR S A COMCEL S A,PREPAGO,TELÉFONO MÓVIL,4G,14044237
2023,3,EMPRESA DE TELECOMUNICACIONES DE BOGOTA S.A. ESP,PREPAGO,TELÉFONO MÓVIL,3G,1812
2023,3,EMPRESA DE TELECOMUNICACIONES DE BOGOTA S.A. ESP,PREPAGO,TELÉFONO MÓVIL,4G,50982
2023,3,INSIDENET SAS,POSPAGO,DATA CARD,2G,66
2023,3,LIWA SAS ESP,PREPAGO,TELÉFONO MÓVIL,3G,18
2023,3,LIWA SAS ESP,PREPAGO,TELÉFONO MÓVIL,4G,644
2023,3,LOGISTICA FLASH COLOMBIA S.A.S,PREPAGO,TELÉFONO MÓVIL,3G,2162
2023,3,LOGISTICA FLASH COLOMBIA S.A.S,PREPAGO,TELÉFONO MÓVIL,4G,46950
2023,3,LOV TELECOMUNICACIONES SAS,PREPAGO,TELÉFONO MÓVIL,3G,75
2023,3,LOV TELECOMUNICACIONES SAS,PREPAGO,TELÉFONO MÓVIL,4G,794
2023,3,PARTNERS TELECOM COLOMBIA SAS,PREPAGO,TELÉFONO MÓVIL,3G,165239
2023,3,PARTNERS TELECOM COLOMBIA SAS,PREPAGO,TELÉFONO MÓVIL,4G,825986
2023,3,SUMA MOVIL S.A.S.,PREPAGO,TELÉFONO MÓVIL,3G,1007
2023,3,SUMA MOVIL S.A.S.,PREPAGO,TELÉFONO MÓVIL,4G,16989
2023,3,VIRGIN MOBILE COLOMBIA S.A.S.,PREPAGO,TELÉFONO MÓVIL,2G,21136
2023,3,VIRGIN MOBILE COLOMBIA S.A.S.,PREPAGO,TELÉFONO MÓVIL,3G,60757
2023,3,VIRGIN MOBILE COLOMBIA S.A.S.,PREPAGO,TELÉFONO MÓVIL,4G,467553
2023,4,ALMACENES EXITO INVERSIONES S.A.S.,PREPAGO,TELÉFONO MÓVIL,3G,15490
2023,4,ALMACENES EXITO INVERSIONES S.A.S.,PREPAGO,TELÉFONO MÓVIL,4G,373574
2023,4,COLOMBIA MOVIL  S.A ESP,POSPAGO,DATA CARD,4G,0
2023,4,COLOMBIA MOVIL  S.A ESP,POSPAGO,DATA CARD,3G,1
2023,4,COLOMBIA MOVIL  S.A ESP,POSPAGO,TELÉFONO MÓVIL,3G,96
2023,4,COLOMBIA MOVIL  S.A ESP,POSPAGO,TELÉFONO MÓVIL,4G,97
2023,4,COLOMBIA MOVIL  S.A ESP,PREPAGO,DATA CARD,3G,1212
2023,4,COLOMBIA MOVIL  S.A ESP,PREPAGO,DATA CARD,4G,5415
2023,4,COLOMBIA MOVIL  S.A ESP,PREPAGO,TELÉFONO MÓVIL,3G,422891
2023,4,COLOMBIA MOVIL  S.A ESP,PREPAGO,TELÉFONO MÓVIL,4G,4134431
2023,4,COLOMBIA TELECOMUNICACIONES S.A. E.S.P.,POSPAGO,TELÉFONO MÓVIL,2G,12
2023,4,COLOMBIA TELECOMUNICACIONES S.A. E.S.P.,POSPAGO,DATA CARD,2G,21
2023,4,COLOMBIA TELECOMUNICACIONES S.A. E.S.P.,POSPAGO,DATA CARD,3G,49
2023,4,COLOMBIA TELECOMUNICACIONES S.A. E.S.P.,POSPAGO,DATA CARD,4G,549
2023,4,COLOMBIA TELECOMUNICACIONES S.A. E.S.P.,POSPAGO,TELÉFONO MÓVIL,3G,635
2023,4,COLOMBIA TELECOMUNICACIONES S.A. E.S.P.,PREPAGO,DATA CARD,2G,4729
2023,4,COLOMBIA TELECOMUNICACIONES S.A. E.S.P.,PREPAGO,DATA CARD,3G,7256
2023,4,COLOMBIA TELECOMUNICACIONES S.A. E.S.P.,POSPAGO,TELÉFONO MÓVIL,4G,12456
2023,4,COLOMBIA TELECOMUNICACIONES S.A. E.S.P.,PREPAGO,DATA CARD,4G,14221
2023,4,COLOMBIA TELECOMUNICACIONES S.A. E.S.P.,PREPAGO,TELÉFONO MÓVIL,2G,33084
2023,4,COLOMBIA TELECOMUNICACIONES S.A. E.S.P.,PREPAGO,TELÉFONO MÓVIL,3G,423585
2023,4,COLOMBIA TELECOMUNICACIONES S.A. E.S.P.,PREPAGO,TELÉFONO MÓVIL,4G,2879531
2023,4,COMUNICACION CELULAR S A COMCEL S A,PREPAGO,TELÉFONO MÓVIL,5G,0
2023,4,COMUNICACION CELULAR S A COMCEL S A,POSPAGO,TELÉFONO MÓVIL,5G,0
2023,4,COMUNICACION CELULAR S A COMCEL S A,POSPAGO,DATA CARD,5G,0
2023,4,COMUNICACION CELULAR S A COMCEL S A,PREPAGO,DATA CARD,5G,0
2023,4,COMUNICACION CELULAR S A COMCEL S A,POSPAGO,DATA CARD,2G,1
2023,4,COMUNICACION CELULAR S A COMCEL S A,POSPAGO,DATA CARD,3G,5
2023,4,COMUNICACION CELULAR S A COMCEL S A,POSPAGO,DATA CARD,4G,63
2023,4,COMUNICACION CELULAR S A COMCEL S A,POSPAGO,TELÉFONO MÓVIL,2G,75
2023,4,COMUNICACION CELULAR S A COMCEL S A,PREPAGO,DATA CARD,2G,140
2023,4,COMUNICACION CELULAR S A COMCEL S A,POSPAGO,TELÉFONO MÓVIL,3G,685
2023,4,COMUNICACION CELULAR S A COMCEL S A,PREPAGO,DATA CARD,3G,2596
2023,4,COMUNICACION CELULAR S A COMCEL S A,POSPAGO,TELÉFONO MÓVIL,4G,2838
2023,4,COMUNICACION CELULAR S A COMCEL S A,PREPAGO,DATA CARD,4G,19777
2023,4,COMUNICACION CELULAR S A COMCEL S A,PREPAGO,TELÉFONO MÓVIL,2G,149941
2023,4,COMUNICACION CELULAR S A COMCEL S A,PREPAGO,TELÉFONO MÓVIL,3G,1659376
2023,4,COMUNICACION CELULAR S A COMCEL S A,PREPAGO,TELÉFONO MÓVIL,4G,14600073
2023,4,EMPRESA DE TELECOMUNICACIONES DE BOGOTA S.A. ESP,PREPAGO,TELÉFONO MÓVIL,3G,1578
2023,4,EMPRESA DE TELECOMUNICACIONES DE BOGOTA S.A. ESP,PREPAGO,TELÉFONO MÓVIL,4G,48154
2023,4,INSIDENET SAS,POSPAGO,DATA CARD,2G,80
2023,4,LIWA SAS ESP,PREPAGO,TELÉFONO MÓVIL,3G,24
2023,4,LIWA SAS ESP,PREPAGO,TELÉFONO MÓVIL,4G,833
2023,4,LOGISTICA FLASH COLOMBIA S.A.S,PREPAGO,TELÉFONO MÓVIL,3G,1867
2023,4,LOGISTICA FLASH COLOMBIA S.A.S,PREPAGO,TELÉFONO MÓVIL,4G,47342
2023,4,LOV TELECOMUNICACIONES SAS,PREPAGO,TELÉFONO MÓVIL,3G,53
2023,4,LOV TELECOMUNICACIONES SAS,PREPAGO,TELÉFONO MÓVIL,4G,725
2023,4,PARTNERS TELECOM COLOMBIA SAS,PREPAGO,TELÉFONO MÓVIL,3G,218794
2023,4,PARTNERS TELECOM COLOMBIA SAS,PREPAGO,TELÉFONO MÓVIL,4G,1049919
2023,4,SUMA MOVIL S.A.S.,PREPAGO,TELÉFONO MÓVIL,3G,1187
2023,4,SUMA MOVIL S.A.S.,PREPAGO,TELÉFONO MÓVIL,4G,20170
2023,4,VIRGIN MOBILE COLOMBIA S.A.S.,PREPAGO,TELÉFONO MÓVIL,2G,19366
2023,4,VIRGIN MOBILE COLOMBIA S.A.S.,PREPAGO,TELÉFONO MÓVIL,3G,58557
2023,4,VIRGIN MOBILE COLOMBIA S.A.S.,PREPAGO,TELÉFONO MÓVIL,4G,488508
2024,1,ALMACENES EXITO INVERSIONES S.A.S.,PREPAGO,TELÉFONO MÓVIL,3G,14258
2024,1,ALMACENES EXITO INVERSIONES S.A.S.,PREPAGO,TELÉFONO MÓVIL,4G,377248
2024,1,COLOMBIA MOVIL  S.A ESP,POSPAGO,DATA CARD,3G,1
2024,1,COLOMBIA MOVIL  S.A ESP,POSPAGO,DATA CARD,4G,1
2024,1,COLOMBIA MOVIL  S.A ESP,POSPAGO,TELÉFONO MÓVIL,4G,49
2024,1,COLOMBIA MOVIL  S.A ESP,POSPAGO,TELÉFONO MÓVIL,3G,57
2024,1,COLOMBIA MOVIL  S.A ESP,PREPAGO,DATA CARD,3G,931
2024,1,COLOMBIA MOVIL  S.A ESP,PREPAGO,DATA CARD,4G,5195
2024,1,COLOMBIA MOVIL  S.A ESP,PREPAGO,TELÉFONO MÓVIL,5G,22646
2024,1,COLOMBIA MOVIL  S.A ESP,PREPAGO,TELÉFONO MÓVIL,3G,414194
2024,1,COLOMBIA MOVIL  S.A ESP,PREPAGO,TELÉFONO MÓVIL,4G,3998847
2024,1,COLOMBIA TELECOMUNICACIONES S.A. E.S.P.,POSPAGO,DATA CARD,5G,1
2024,1,COLOMBIA TELECOMUNICACIONES S.A. E.S.P.,PREPAGO,DATA CARD,5G,9
2024,1,COLOMBIA TELECOMUNICACIONES S.A. E.S.P.,POSPAGO,DATA CARD,2G,19
2024,1,COLOMBIA TELECOMUNICACIONES S.A. E.S.P.,POSPAGO,TELÉFONO MÓVIL,2G,23
2024,1,COLOMBIA TELECOMUNICACIONES S.A. E.S.P.,POSPAGO,DATA CARD,3G,62
2024,1,COLOMBIA TELECOMUNICACIONES S.A. E.S.P.,POSPAGO,TELÉFONO MÓVIL,5G,454
2024,1,COLOMBIA TELECOMUNICACIONES S.A. E.S.P.,POSPAGO,TELÉFONO MÓVIL,3G,862
2024,1,COLOMBIA TELECOMUNICACIONES S.A. E.S.P.,POSPAGO,DATA CARD,4G,869
2024,1,COLOMBIA TELECOMUNICACIONES S.A. E.S.P.,PREPAGO,DATA CARD,2G,4441
2024,1,COLOMBIA TELECOMUNICACIONES S.A. E.S.P.,PREPAGO,DATA CARD,3G,4959
2024,1,COLOMBIA TELECOMUNICACIONES S.A. E.S.P.,PREPAGO,DATA CARD,4G,13483
2024,1,COLOMBIA TELECOMUNICACIONES S.A. E.S.P.,POSPAGO,TELÉFONO MÓVIL,4G,14111
2024,1,COLOMBIA TELECOMUNICACIONES S.A. E.S.P.,PREPAGO,TELÉFONO MÓVIL,5G,25872
2024,1,COLOMBIA TELECOMUNICACIONES S.A. E.S.P.,PREPAGO,TELÉFONO MÓVIL,2G,30458
2024,1,COLOMBIA TELECOMUNICACIONES S.A. E.S.P.,PREPAGO,TELÉFONO MÓVIL,3G,397458
2024,1,COLOMBIA TELECOMUNICACIONES S.A. E.S.P.,PREPAGO,TELÉFONO MÓVIL,4G,2827518
2024,1,COMUNICACION CELULAR S A COMCEL S A,POSPAGO,DATA CARD,3G,4
2024,1,COMUNICACION CELULAR S A COMCEL S A,POSPAGO,TELÉFONO MÓVIL,5G,7
2024,1,COMUNICACION CELULAR S A COMCEL S A,POSPAGO,TELÉFONO MÓVIL,2G,59
2024,1,COMUNICACION CELULAR S A COMCEL S A,POSPAGO,DATA CARD,4G,66
2024,1,COMUNICACION CELULAR S A COMCEL S A,PREPAGO,DATA CARD,2G,114
2024,1,COMUNICACION CELULAR S A COMCEL S A,POSPAGO,TELÉFONO MÓVIL,3G,593
2024,1,COMUNICACION CELULAR S A COMCEL S A,PREPAGO,DATA CARD,3G,2248
2024,1,COMUNICACION CELULAR S A COMCEL S A,POSPAGO,TELÉFONO MÓVIL,4G,2821
2024,1,COMUNICACION CELULAR S A COMCEL S A,PREPAGO,TELÉFONO MÓVIL,5G,5130
2024,1,COMUNICACION CELULAR S A COMCEL S A,PREPAGO,DATA CARD,4G,18425
2024,1,COMUNICACION CELULAR S A COMCEL S A,PREPAGO,TELÉFONO MÓVIL,2G,133301
2024,1,COMUNICACION CELULAR S A COMCEL S A,PREPAGO,TELÉFONO MÓVIL,3G,1471209
2024,1,COMUNICACION CELULAR S A COMCEL S A,PREPAGO,TELÉFONO MÓVIL,4G,14749382
2024,1,EMPRESA DE TELECOMUNICACIONES DE BOGOTA S.A. ESP,PREPAGO,TELÉFONO MÓVIL,3G,1259
2024,1,EMPRESA DE TELECOMUNICACIONES DE BOGOTA S.A. ESP,PREPAGO,TELÉFONO MÓVIL,4G,45705
2024,1,INSIDENET SAS,POSPAGO,DATA CARD,2G,72
2024,1,LIWA SAS ESP,PREPAGO,TELÉFONO MÓVIL,3G,10
2024,1,LIWA SAS ESP,PREPAGO,TELÉFONO MÓVIL,4G,598
2024,1,LOGISTICA FLASH COLOMBIA S.A.S,PREPAGO,TELÉFONO MÓVIL,3G,1679
2024,1,LOGISTICA FLASH COLOMBIA S.A.S,PREPAGO,TELÉFONO MÓVIL,4G,46887
2024,1,LOV TELECOMUNICACIONES SAS,PREPAGO,TELÉFONO MÓVIL,3G,61
2024,1,LOV TELECOMUNICACIONES SAS,PREPAGO,TELÉFONO MÓVIL,4G,711
2024,1,PARTNERS TELECOM COLOMBIA SAS,PREPAGO,TELÉFONO MÓVIL,3G,225562
2024,1,PARTNERS TELECOM COLOMBIA SAS,PREPAGO,TELÉFONO MÓVIL,4G,1050890
2024,1,SUMA MOVIL S.A.S.,PREPAGO,TELÉFONO MÓVIL,3G,1330
2024,1,SUMA MOVIL S.A.S.,PREPAGO,TELÉFONO MÓVIL,4G,22805
2024,1,VIRGIN MOBILE COLOMBIA S.A.S.,PREPAGO,TELÉFONO MÓVIL,2G,16604
2024,1,VIRGIN MOBILE COLOMBIA S.A.S.,PREPAGO,TELÉFONO MÓVIL,3G,51865
2024,1,VIRGIN MOBILE COLOMBIA S.A.S.,PREPAGO,TELÉFONO MÓVIL,4G,481302
2024,2,ALMACENES EXITO INVERSIONES S.A.S.,PREPAGO,TELÉFONO MÓVIL,3G,13683
2024,2,ALMACENES EXITO INVERSIONES S.A.S.,PREPAGO,TELÉFONO MÓVIL,4G,384189
2024,2,COLOMBIA MOVIL  S.A ESP,POSPAGO,DATA CARD,5G,0
2024,2,COLOMBIA MOVIL  S.A ESP,POSPAGO,DATA CARD,4G,0
2024,2,COLOMBIA MOVIL  S.A ESP,POSPAGO,DATA CARD,3G,0
2024,2,COLOMBIA MOVIL  S.A ESP,POSPAGO,TELÉFONO MÓVIL,5G,12
2024,2,COLOMBIA MOVIL  S.A ESP,PREPAGO,DATA CARD,5G,14
2024,2,COLOMBIA MOVIL  S.A ESP,POSPAGO,TELÉFONO MÓVIL,4G,73
2024,2,COLOMBIA MOVIL  S.A ESP,POSPAGO,TELÉFONO MÓVIL,3G,88
2024,2,COLOMBIA MOVIL  S.A ESP,PREPAGO,DATA CARD,3G,866
2024,2,COLOMBIA MOVIL  S.A ESP,PREPAGO,DATA CARD,4G,6646
2024,2,COLOMBIA MOVIL  S.A ESP,PREPAGO,TELÉFONO MÓVIL,5G,67347
2024,2,COLOMBIA MOVIL  S.A ESP,PREPAGO,TELÉFONO MÓVIL,3G,424983
2024,2,COLOMBIA MOVIL  S.A ESP,PREPAGO,TELÉFONO MÓVIL,4G,4001319
2024,2,COLOMBIA TELECOMUNICACIONES S.A. E.S.P.,POSPAGO,DATA CARD,5G,1
2024,2,COLOMBIA TELECOMUNICACIONES S.A. E.S.P.,PREPAGO,DATA CARD,5G,12
2024,2,COLOMBIA TELECOMUNICACIONES S.A. E.S.P.,POSPAGO,TELÉFONO MÓVIL,2G,12
2024,2,COLOMBIA TELECOMUNICACIONES S.A. E.S.P.,POSPAGO,DATA CARD,2G,17
2024,2,COLOMBIA TELECOMUNICACIONES S.A. E.S.P.,POSPAGO,DATA CARD,3G,66
2024,2,COLOMBIA TELECOMUNICACIONES S.A. E.S.P.,POSPAGO,TELÉFONO MÓVIL,5G,375
2024,2,COLOMBIA TELECOMUNICACIONES S.A. E.S.P.,POSPAGO,TELÉFONO MÓVIL,3G,722
2024,2,COLOMBIA TELECOMUNICACIONES S.A. E.S.P.,POSPAGO,DATA CARD,4G,886
2024,2,COLOMBIA TELECOMUNICACIONES S.A. E.S.P.,PREPAGO,DATA CARD,2G,3883
2024,2,COLOMBIA TELECOMUNICACIONES S.A. E.S.P.,PREPAGO,DATA CARD,3G,4583
2024,2,COLOMBIA TELECOMUNICACIONES S.A. E.S.P.,POSPAGO,TELÉFONO MÓVIL,4G,11853
2024,2,COLOMBIA TELECOMUNICACIONES S.A. E.S.P.,PREPAGO,DATA CARD,4G,13181
2024,2,COLOMBIA TELECOMUNICACIONES S.A. E.S.P.,PREPAGO,TELÉFONO MÓVIL,5G,21455
2024,2,COLOMBIA TELECOMUNICACIONES S.A. E.S.P.,PREPAGO,TELÉFONO MÓVIL,2G,23807
2024,2,COLOMBIA TELECOMUNICACIONES S.A. E.S.P.,PREPAGO,TELÉFONO MÓVIL,3G,368503
2024,2,COLOMBIA TELECOMUNICACIONES S.A. E.S.P.,PREPAGO,TELÉFONO MÓVIL,4G,2876388
2024,2,COMUNICACION CELULAR S A COMCEL S A,POSPAGO,DATA CARD,5G,0
2024,2,COMUNICACION CELULAR S A COMCEL S A,POSPAGO,DATA CARD,2G,0
2024,2,COMUNICACION CELULAR S A COMCEL S A,POSPAGO,DATA CARD,3G,1
2024,2,COMUNICACION CELULAR S A COMCEL S A,POSPAGO,TELÉFONO MÓVIL,5G,10
2024,2,COMUNICACION CELULAR S A COMCEL S A,POSPAGO,TELÉFONO MÓVIL,2G,44
2024,2,COMUNICACION CELULAR S A COMCEL S A,POSPAGO,DATA CARD,4G,69
2024,2,COMUNICACION CELULAR S A COMCEL S A,PREPAGO,DATA CARD,2G,107
2024,2,COMUNICACION CELULAR S A COMCEL S A,POSPAGO,TELÉFONO MÓVIL,3G,387
2024,2,COMUNICACION CELULAR S A COMCEL S A,PREPAGO,DATA CARD,5G,569
2024,2,COMUNICACION CELULAR S A COMCEL S A,PREPAGO,DATA CARD,3G,1900
2024,2,COMUNICACION CELULAR S A COMCEL S A,POSPAGO,TELÉFONO MÓVIL,4G,3058
2024,2,COMUNICACION CELULAR S A COMCEL S A,PREPAGO,DATA CARD,4G,16756
2024,2,COMUNICACION CELULAR S A COMCEL S A,PREPAGO,TELÉFONO MÓVIL,2G,114152
2024,2,COMUNICACION CELULAR S A COMCEL S A,PREPAGO,TELÉFONO MÓVIL,5G,240112
2024,2,COMUNICACION CELULAR S A COMCEL S A,PREPAGO,TELÉFONO MÓVIL,3G,1238098
2024,2,COMUNICACION CELULAR S A COMCEL S A,PREPAGO,TELÉFONO MÓVIL,4G,14839671
2024,2,EMPRESA DE TELECOMUNICACIONES DE BOGOTA S.A. ESP,PREPAGO,TELÉFONO MÓVIL,3G,1133
2024,2,EMPRESA DE TELECOMUNICACIONES DE BOGOTA S.A. ESP,PREPAGO,TELÉFONO MÓVIL,4G,44334
2024,2,INSIDENET SAS,POSPAGO,DATA CARD,2G,97
2024,2,LIWA SAS ESP,PREPAGO,TELÉFONO MÓVIL,3G,26
2024,2,LIWA SAS ESP,PREPAGO,TELÉFONO MÓVIL,4G,1734
2024,2,LOGISTICA FLASH COLOMBIA S.A.S,PREPAGO,TELÉFONO MÓVIL,3G,1956
2024,2,LOGISTICA FLASH COLOMBIA S.A.S,PREPAGO,TELÉFONO MÓVIL,4G,53571
2024,2,LOV TELECOMUNICACIONES SAS,PREPAGO,TELÉFONO MÓVIL,3G,53
2024,2,LOV TELECOMUNICACIONES SAS,PREPAGO,TELÉFONO MÓVIL,4G,909
2024,2,PARTNERS TELECOM COLOMBIA SAS,PREPAGO,TELÉFONO MÓVIL,3G,213768
2024,2,PARTNERS TELECOM COLOMBIA SAS,PREPAGO,TELÉFONO MÓVIL,4G,1033367
2024,2,SUMA MOVIL S.A.S.,PREPAGO,TELÉFONO MÓVIL,3G,1255
2024,2,SUMA MOVIL S.A.S.,PREPAGO,TELÉFONO MÓVIL,4G,20977
2024,2,VIRGIN MOBILE COLOMBIA S.A.S.,PREPAGO,TELÉFONO MÓVIL,2G,13149
2024,2,VIRGIN MOBILE COLOMBIA S.A.S.,PREPAGO,TELÉFONO MÓVIL,3G,44965
2024,2,VIRGIN MOBILE COLOMBIA S.A.S.,PREPAGO,TELÉFONO MÓVIL,4G,463261
2024,3,ALMACENES EXITO INVERSIONES S.A.S.,PREPAGO,TELÉFONO MÓVIL,3G,18396
2024,3,ALMACENES EXITO INVERSIONES S.A.S.,PREPAGO,TELÉFONO MÓVIL,4G,383379
2024,3,COLOMBIA MOVIL  S.A ESP,POSPAGO,DATA CARD,3G,0
2024,3,COLOMBIA MOVIL  S.A ESP,POSPAGO,DATA CARD,5G,0
2024,3,COLOMBIA MOVIL  S.A ESP,POSPAGO,DATA CARD,4G,0
2024,3,COLOMBIA MOVIL  S.A ESP,POSPAGO,TELÉFONO MÓVIL,5G,7
2024,3,COLOMBIA MOVIL  S.A ESP,PREPAGO,DATA CARD,5G,23
2024,3,COLOMBIA MOVIL  S.A ESP,POSPAGO,TELÉFONO MÓVIL,4G,62
2024,3,COLOMBIA MOVIL  S.A ESP,POSPAGO,TELÉFONO MÓVIL,3G,81
2024,3,COLOMBIA MOVIL  S.A ESP,PREPAGO,DATA CARD,3G,803
2024,3,COLOMBIA MOVIL  S.A ESP,PREPAGO,DATA CARD,4G,7765
2024,3,COLOMBIA MOVIL  S.A ESP,PREPAGO,TELÉFONO MÓVIL,5G,88427
2024,3,COLOMBIA MOVIL  S.A ESP,PREPAGO,TELÉFONO MÓVIL,3G,459502
2024,3,COLOMBIA MOVIL  S.A ESP,PREPAGO,TELÉFONO MÓVIL,4G,4045680
2024,3,COLOMBIA TELECOMUNICACIONES S.A. E.S.P.,POSPAGO,TELÉFONO MÓVIL,5G,1
2024,3,COLOMBIA TELECOMUNICACIONES S.A. E.S.P.,PREPAGO,DATA CARD,5G,6
2024,3,COLOMBIA TELECOMUNICACIONES S.A. E.S.P.,POSPAGO,TELÉFONO MÓVIL,3G,6
2024,3,COLOMBIA TELECOMUNICACIONES S.A. E.S.P.,POSPAGO,TELÉFONO MÓVIL,4G,47
2024,3,COLOMBIA TELECOMUNICACIONES S.A. E.S.P.,PREPAGO,DATA CARD,2G,3226
2024,3,COLOMBIA TELECOMUNICACIONES S.A. E.S.P.,PREPAGO,DATA CARD,3G,4160
2024,3,COLOMBIA TELECOMUNICACIONES S.A. E.S.P.,PREPAGO,DATA CARD,4G,13304
2024,3,COLOMBIA TELECOMUNICACIONES S.A. E.S.P.,PREPAGO,TELÉFONO MÓVIL,2G,18839
2024,3,COLOMBIA TELECOMUNICACIONES S.A. E.S.P.,PREPAGO,TELÉFONO MÓVIL,5G,21721
2024,3,COLOMBIA TELECOMUNICACIONES S.A. E.S.P.,PREPAGO,TELÉFONO MÓVIL,3G,355036
2024,3,COLOMBIA TELECOMUNICACIONES S.A. E.S.P.,PREPAGO,TELÉFONO MÓVIL,4G,2884113
2024,3,COMUNICACION CELULAR S A COMCEL S A,POSPAGO,DATA CARD,2G,0
2024,3,COMUNICACION CELULAR S A COMCEL S A,POSPAGO,DATA CARD,5G,0
2024,3,COMUNICACION CELULAR S A COMCEL S A,POSPAGO,DATA CARD,3G,1
2024,3,COMUNICACION CELULAR S A COMCEL S A,POSPAGO,TELÉFONO MÓVIL,5G,17
2024,3,COMUNICACION CELULAR S A COMCEL S A,POSPAGO,TELÉFONO MÓVIL,2G,28
2024,3,COMUNICACION CELULAR S A COMCEL S A,POSPAGO,DATA CARD,4G,73
2024,3,COMUNICACION CELULAR S A COMCEL S A,PREPAGO,DATA CARD,2G,82
2024,3,COMUNICACION CELULAR S A COMCEL S A,POSPAGO,TELÉFONO MÓVIL,3G,352
2024,3,COMUNICACION CELULAR S A COMCEL S A,PREPAGO,DATA CARD,5G,628
2024,3,COMUNICACION CELULAR S A COMCEL S A,PREPAGO,DATA CARD,3G,1716
2024,3,COMUNICACION CELULAR S A COMCEL S A,POSPAGO,TELÉFONO MÓVIL,4G,3061
2024,3,COMUNICACION CELULAR S A COMCEL S A,PREPAGO,DATA CARD,4G,15687
2024,3,COMUNICACION CELULAR S A COMCEL S A,PREPAGO,TELÉFONO MÓVIL,2G,100792
2024,3,COMUNICACION CELULAR S A COMCEL S A,PREPAGO,TELÉFONO MÓVIL,5G,316463
2024,3,COMUNICACION CELULAR S A COMCEL S A,PREPAGO,TELÉFONO MÓVIL,3G,1119061
2024,3,COMUNICACION CELULAR S A COMCEL S A,PREPAGO,TELÉFONO MÓVIL,4G,15109344
2024,3,EMPRESA DE TELECOMUNICACIONES DE BOGOTA S.A. ESP,PREPAGO,TELÉFONO MÓVIL,3G,1051
2024,3,EMPRESA DE TELECOMUNICACIONES DE BOGOTA S.A. ESP,PREPAGO,TELÉFONO MÓVIL,4G,44346
2024,3,INSIDENET SAS,POSPAGO,DATA CARD,2G,80
2024,3,LIWA SAS ESP,PREPAGO,TELÉFONO MÓVIL,3G,39
2024,3,LIWA SAS ESP,PREPAGO,TELÉFONO MÓVIL,4G,2004
2024,3,LOGISTICA FLASH COLOMBIA S.A.S,PREPAGO,TELÉFONO MÓVIL,3G,1261
2024,3,LOGISTICA FLASH COLOMBIA S.A.S,PREPAGO,TELÉFONO MÓVIL,4G,42940
2024,3,LOV TELECOMUNICACIONES SAS,PREPAGO,TELÉFONO MÓVIL,3G,162
2024,3,LOV TELECOMUNICACIONES SAS,PREPAGO,TELÉFONO MÓVIL,4G,998
2024,3,PARTNERS TELECOM COLOMBIA SAS,PREPAGO,TELÉFONO MÓVIL,3G,204429
2024,3,PARTNERS TELECOM COLOMBIA SAS,PREPAGO,TELÉFONO MÓVIL,4G,1130679
2024,3,SUMA MOVIL S.A.S.,PREPAGO,TELÉFONO MÓVIL,3G,1511
2024,3,SUMA MOVIL S.A.S.,PREPAGO,TELÉFONO MÓVIL,4G,23573
2024,3,VIRGIN MOBILE COLOMBIA S.A.S.,PREPAGO,TELÉFONO MÓVIL,2G,10599
2024,3,VIRGIN MOBILE COLOMBIA S.A.S.,PREPAGO,TELÉFONO MÓVIL,3G,40847
2024,3,VIRGIN MOBILE COLOMBIA S.A.S.,PREPAGO,TELÉFONO MÓVIL,4G,456025
2024,4,ALMACENES EXITO INVERSIONES S.A.S.,PREPAGO,TELÉFONO MÓVIL,3G,18764
2024,4,ALMACENES EXITO INVERSIONES S.A.S.,PREPAGO,TELÉFONO MÓVIL,4G,410058
2024,4,COLOMBIA MOVIL  S.A ESP,POSPAGO,DATA CARD,5G,0
2024,4,COLOMBIA MOVIL  S.A ESP,POSPAGO,DATA CARD,3G,0
2024,4,COLOMBIA MOVIL  S.A ESP,POSPAGO,DATA CARD,4G,2
2024,4,COLOMBIA MOVIL  S.A ESP,POSPAGO,TELÉFONO MÓVIL,5G,18
2024,4,COLOMBIA MOVIL  S.A ESP,PREPAGO,DATA CARD,5G,20
2024,4,COLOMBIA MOVIL  S.A ESP,POSPAGO,TELÉFONO MÓVIL,4G,65
2024,4,COLOMBIA MOVIL  S.A ESP,POSPAGO,TELÉFONO MÓVIL,3G,74
2024,4,COLOMBIA MOVIL  S.A ESP,PREPAGO,DATA CARD,3G,753
2024,4,COLOMBIA MOVIL  S.A ESP,PREPAGO,DATA CARD,4G,6540
2024,4,COLOMBIA MOVIL  S.A ESP,PREPAGO,TELÉFONO MÓVIL,5G,125882
2024,4,COLOMBIA MOVIL  S.A ESP,PREPAGO,TELÉFONO MÓVIL,3G,495033
2024,4,COLOMBIA MOVIL  S.A ESP,PREPAGO,TELÉFONO MÓVIL,4G,4193662
2024,4,COLOMBIA TELECOMUNICACIONES S.A. E.S.P.,PREPAGO,DATA CARD,5G,4
2024,4,COLOMBIA TELECOMUNICACIONES S.A. E.S.P.,POSPAGO,TELÉFONO MÓVIL,3G,4
2024,4,COLOMBIA TELECOMUNICACIONES S.A. E.S.P.,POSPAGO,TELÉFONO MÓVIL,4G,18
2024,4,COLOMBIA TELECOMUNICACIONES S.A. E.S.P.,PREPAGO,DATA CARD,2G,2763
2024,4,COLOMBIA TELECOMUNICACIONES S.A. E.S.P.,PREPAGO,DATA CARD,3G,4144
2024,4,COLOMBIA TELECOMUNICACIONES S.A. E.S.P.,PREPAGO,DATA CARD,4G,15702
2024,4,COLOMBIA TELECOMUNICACIONES S.A. E.S.P.,PREPAGO,TELÉFONO MÓVIL,2G,15741
2024,4,COLOMBIA TELECOMUNICACIONES S.A. E.S.P.,PREPAGO,TELÉFONO MÓVIL,5G,51352
2024,4,COLOMBIA TELECOMUNICACIONES S.A. E.S.P.,PREPAGO,TELÉFONO MÓVIL,3G,318473
2024,4,COLOMBIA TELECOMUNICACIONES S.A. E.S.P.,PREPAGO,TELÉFONO MÓVIL,4G,2962723
2024,4,COMUNICACION CELULAR S A COMCEL S A,POSPAGO,DATA CARD,2G,0
2024,4,COMUNICACION CELULAR S A COMCEL S A,POSPAGO,DATA CARD,5G,0
2024,4,COMUNICACION CELULAR S A COMCEL S A,POSPAGO,DATA CARD,3G,1
2024,4,COMUNICACION CELULAR S A COMCEL S A,POSPAGO,TELÉFONO MÓVIL,5G,16
2024,4,COMUNICACION CELULAR S A COMCEL S A,POSPAGO,TELÉFONO MÓVIL,2G,31
2024,4,COMUNICACION CELULAR S A COMCEL S A,POSPAGO,DATA CARD,4G,74
2024,4,COMUNICACION CELULAR S A COMCEL S A,PREPAGO,DATA CARD,2G,78
2024,4,COMUNICACION CELULAR S A COMCEL S A,POSPAGO,TELÉFONO MÓVIL,3G,348
2024,4,COMUNICACION CELULAR S A COMCEL S A,PREPAGO,DATA CARD,5G,701
2024,4,COMUNICACION CELULAR S A COMCEL S A,PREPAGO,DATA CARD,3G,1610
2024,4,COMUNICACION CELULAR S A COMCEL S A,POSPAGO,TELÉFONO MÓVIL,4G,2981
2024,4,COMUNICACION CELULAR S A COMCEL S A,PREPAGO,DATA CARD,4G,14961
2024,4,COMUNICACION CELULAR S A COMCEL S A,PREPAGO,TELÉFONO MÓVIL,2G,87673
2024,4,COMUNICACION CELULAR S A COMCEL S A,PREPAGO,TELÉFONO MÓVIL,5G,449923
2024,4,COMUNICACION CELULAR S A COMCEL S A,PREPAGO,TELÉFONO MÓVIL,3G,1037856
2024,4,COMUNICACION CELULAR S A COMCEL S A,PREPAGO,TELÉFONO MÓVIL,4G,15622298
2024,4,EMPRESA DE TELECOMUNICACIONES DE BOGOTA S.A. ESP,PREPAGO,TELÉFONO MÓVIL,3G,1344
2024,4,EMPRESA DE TELECOMUNICACIONES DE BOGOTA S.A. ESP,PREPAGO,TELÉFONO MÓVIL,4G,43363
2024,4,LIWA SAS ESP,PREPAGO,TELÉFONO MÓVIL,3G,55
2024,4,LIWA SAS ESP,PREPAGO,TELÉFONO MÓVIL,4G,2674
2024,4,LOGISTICA FLASH COLOMBIA S.A.S,PREPAGO,TELÉFONO MÓVIL,3G,1139
2024,4,LOGISTICA FLASH COLOMBIA S.A.S,PREPAGO,TELÉFONO MÓVIL,4G,36051
2024,4,LOV TELECOMUNICACIONES SAS,PREPAGO,TELÉFONO MÓVIL,4G,19521
2024,4,PARTNERS TELECOM COLOMBIA SAS,PREPAGO,TELÉFONO MÓVIL,3G,266451
2024,4,PARTNERS TELECOM COLOMBIA SAS,PREPAGO,TELÉFONO MÓVIL,4G,1175870
2024,4,PLINTRON COLOMBIA SAS,PREPAGO,TELÉFONO MÓVIL,3G,296
2024,4,PLINTRON COLOMBIA SAS,PREPAGO,TELÉFONO MÓVIL,4G,347
2024,4,SUMA MOVIL S.A.S.,PREPAGO,TELÉFONO MÓVIL,3G,1518
2024,4,SUMA MOVIL S.A.S.,PREPAGO,TELÉFONO MÓVIL,4G,22664
2024,4,VIRGIN MOBILE COLOMBIA S.A.S.,PREPAGO,TELÉFONO MÓVIL,2G,8510
2024,4,VIRGIN MOBILE COLOMBIA S.A.S.,PREPAGO,TELÉFONO MÓVIL,3G,38305
2024,4,VIRGIN MOBILE COLOMBIA S.A.S.,PREPAGO,TELÉFONO MÓVIL,4G,476086
2025,1,ALMACENES EXITO INVERSIONES S.A.S.,PREPAGO,TELÉFONO MÓVIL,3G,16623
2025,1,ALMACENES EXITO INVERSIONES S.A.S.,PREPAGO,TELÉFONO MÓVIL,4G,414748
2025,1,COLOMBIA MOVIL  S.A ESP,POSPAGO,DATA CARD,3G,0
2025,1,COLOMBIA MOVIL  S.A ESP,POSPAGO,DATA CARD,5G,0
2025,1,COLOMBIA MOVIL  S.A ESP,POSPAGO,DATA CARD,4G,2
2025,1,COLOMBIA MOVIL  S.A ESP,POSPAGO,TELÉFONO MÓVIL,5G,15
2025,1,COLOMBIA MOVIL  S.A ESP,PREPAGO,DATA CARD,5G,40
2025,1,COLOMBIA MOVIL  S.A ESP,POSPAGO,TELÉFONO MÓVIL,3G,61
2025,1,COLOMBIA MOVIL  S.A ESP,POSPAGO,TELÉFONO MÓVIL,4G,72
2025,1,COLOMBIA MOVIL  S.A ESP,PREPAGO,DATA CARD,3G,604
2025,1,COLOMBIA MOVIL  S.A ESP,PREPAGO,DATA CARD,4G,5374
2025,1,COLOMBIA MOVIL  S.A ESP,PREPAGO,TELÉFONO MÓVIL,5G,156475
2025,1,COLOMBIA MOVIL  S.A ESP,PREPAGO,TELÉFONO MÓVIL,3G,503489
2025,1,COLOMBIA MOVIL  S.A ESP,PREPAGO,TELÉFONO MÓVIL,4G,4004100
2025,1,COLOMBIA TELECOMUNICACIONES S.A. E.S.P.,POSPAGO,TELÉFONO MÓVIL,3G,4
2025,1,COLOMBIA TELECOMUNICACIONES S.A. E.S.P.,POSPAGO,TELÉFONO MÓVIL,4G,15
2025,1,COLOMBIA TELECOMUNICACIONES S.A. E.S.P.,PREPAGO,DATA CARD,5G,15
2025,1,COLOMBIA TELECOMUNICACIONES S.A. E.S.P.,PREPAGO,DATA CARD,2G,954
2025,1,COLOMBIA TELECOMUNICACIONES S.A. E.S.P.,PREPAGO,DATA CARD,3G,3674
2025,1,COLOMBIA TELECOMUNICACIONES S.A. E.S.P.,PREPAGO,TELÉFONO MÓVIL,2G,8280
2025,1,COLOMBIA TELECOMUNICACIONES S.A. E.S.P.,PREPAGO,DATA CARD,4G,15780
2025,1,COLOMBIA TELECOMUNICACIONES S.A. E.S.P.,PREPAGO,TELÉFONO MÓVIL,5G,74445
2025,1,COLOMBIA TELECOMUNICACIONES S.A. E.S.P.,PREPAGO,TELÉFONO MÓVIL,3G,262949
2025,1,COLOMBIA TELECOMUNICACIONES S.A. E.S.P.,PREPAGO,TELÉFONO MÓVIL,4G,2928954
2025,1,COMUNICACION CELULAR S A COMCEL S A,POSPAGO,DATA CARD,2G,0
2025,1,COMUNICACION CELULAR S A COMCEL S A,POSPAGO,DATA CARD,5G,0
2025,1,COMUNICACION CELULAR S A COMCEL S A,POSPAGO,DATA CARD,3G,1
2025,1,COMUNICACION CELULAR S A COMCEL S A,POSPAGO,TELÉFONO MÓVIL,5G,18
2025,1,COMUNICACION CELULAR S A COMCEL S A,POSPAGO,TELÉFONO MÓVIL,2G,21
2025,1,COMUNICACION CELULAR S A COMCEL S A,PREPAGO,DATA CARD,2G,59
2025,1,COMUNICACION CELULAR S A COMCEL S A,POSPAGO,DATA CARD,4G,69
2025,1,COMUNICACION CELULAR S A COMCEL S A,POSPAGO,TELÉFONO MÓVIL,3G,283
2025,1,COMUNICACION CELULAR S A COMCEL S A,PREPAGO,DATA CARD,5G,633
2025,1,COMUNICACION CELULAR S A COMCEL S A,PREPAGO,DATA CARD,3G,1452
2025,1,COMUNICACION CELULAR S A COMCEL S A,POSPAGO,TELÉFONO MÓVIL,4G,2453
2025,1,COMUNICACION CELULAR S A COMCEL S A,PREPAGO,DATA CARD,4G,14204
2025,1,COMUNICACION CELULAR S A COMCEL S A,PREPAGO,TELÉFONO MÓVIL,2G,78270
2025,1,COMUNICACION CELULAR S A COMCEL S A,PREPAGO,TELÉFONO MÓVIL,5G,505274
2025,1,COMUNICACION CELULAR S A COMCEL S A,PREPAGO,TELÉFONO MÓVIL,3G,932399
2025,1,COMUNICACION CELULAR S A COMCEL S A,PREPAGO,TELÉFONO MÓVIL,4G,15646581
2025,1,EMPRESA DE TELECOMUNICACIONES DE BOGOTA S.A. ESP,PREPAGO,TELÉFONO MÓVIL,3G,1318
2025,1,EMPRESA DE TELECOMUNICACIONES DE BOGOTA S.A. ESP,PREPAGO,TELÉFONO MÓVIL,4G,44319
2025,1,INSIDENET SAS,POSPAGO,DATA CARD,2G,73
2025,1,LIWA SAS ESP,PREPAGO,TELÉFONO MÓVIL,3G,81
2025,1,LIWA SAS ESP,PREPAGO,TELÉFONO MÓVIL,4G,3782
2025,1,LOGISTICA FLASH COLOMBIA S.A.S,PREPAGO,TELÉFONO MÓVIL,4G,0
2025,1,LOGISTICA FLASH COLOMBIA S.A.S,PREPAGO,TELÉFONO MÓVIL,3G,0
2025,1,LOV TELECOMUNICACIONES SAS,PREPAGO,TELÉFONO MÓVIL,5G,767
2025,1,LOV TELECOMUNICACIONES SAS,PREPAGO,TELÉFONO MÓVIL,3G,953
2025,1,LOV TELECOMUNICACIONES SAS,PREPAGO,TELÉFONO MÓVIL,4G,15702
2025,1,PARTNERS TELECOM COLOMBIA SAS,PREPAGO,TELÉFONO MÓVIL,3G,197296
2025,1,PARTNERS TELECOM COLOMBIA SAS,PREPAGO,TELÉFONO MÓVIL,4G,1049256
2025,1,PLINTRON COLOMBIA SAS,PREPAGO,TELÉFONO MÓVIL,5G,1
2025,1,PLINTRON COLOMBIA SAS,PREPAGO,TELÉFONO MÓVIL,3G,777
2025,1,PLINTRON COLOMBIA SAS,PREPAGO,TELÉFONO MÓVIL,4G,882
2025,1,SUMA MOVIL S.A.S.,PREPAGO,TELÉFONO MÓVIL,3G,1522
2025,1,SUMA MOVIL S.A.S.,PREPAGO,TELÉFONO MÓVIL,4G,27395
2025,1,VIRGIN MOBILE COLOMBIA S.A.S.,PREPAGO,TELÉFONO MÓVIL,2G,3786
2025,1,VIRGIN MOBILE COLOMBIA S.A.S.,PREPAGO,TELÉFONO MÓVIL,3G,32105
2025,1,VIRGIN MOBILE COLOMBIA S.A.S.,PREPAGO,TELÉFONO MÓVIL,4G,445998
2025,2,ALMACENES EXITO INVERSIONES S.A.S.,PREPAGO,TELÉFONO MÓVIL,3G,13702
2025,2,ALMACENES EXITO INVERSIONES S.A.S.,PREPAGO,TELÉFONO MÓVIL,4G,428023
2025,2,COLOMBIA MOVIL  S.A ESP,POSPAGO,DATA CARD,5G,0
2025,2,COLOMBIA MOVIL  S.A ESP,POSPAGO,DATA CARD,4G,0
2025,2,COLOMBIA MOVIL  S.A ESP,POSPAGO,DATA CARD,3G,1
2025,2,COLOMBIA MOVIL  S.A ESP,POSPAGO,TELÉFONO MÓVIL,5G,22
2025,2,COLOMBIA MOVIL  S.A ESP,PREPAGO,DATA CARD,5G,35
2025,2,COLOMBIA MOVIL  S.A ESP,POSPAGO,TELÉFONO MÓVIL,3G,55
2025,2,COLOMBIA MOVIL  S.A ESP,POSPAGO,TELÉFONO MÓVIL,4G,64
2025,2,COLOMBIA MOVIL  S.A ESP,PREPAGO,DATA CARD,3G,595
2025,2,COLOMBIA MOVIL  S.A ESP,PREPAGO,DATA CARD,4G,5671
2025,2,COLOMBIA MOVIL  S.A ESP,PREPAGO,TELÉFONO MÓVIL,5G,179584
2025,2,COLOMBIA MOVIL  S.A ESP,PREPAGO,TELÉFONO MÓVIL,3G,504854
2025,2,COLOMBIA MOVIL  S.A ESP,PREPAGO,TELÉFONO MÓVIL,4G,3969416
2025,2,COLOMBIA TELECOMUNICACIONES S.A. E.S.P.,POSPAGO,TELÉFONO MÓVIL,3G,4
2025,2,COLOMBIA TELECOMUNICACIONES S.A. E.S.P.,POSPAGO,TELÉFONO MÓVIL,4G,25
2025,2,COLOMBIA TELECOMUNICACIONES S.A. E.S.P.,PREPAGO,DATA CARD,2G,52
2025,2,COLOMBIA TELECOMUNICACIONES S.A. E.S.P.,PREPAGO,DATA CARD,5G,74
2025,2,COLOMBIA TELECOMUNICACIONES S.A. E.S.P.,PREPAGO,TELÉFONO MÓVIL,2G,799
2025,2,COLOMBIA TELECOMUNICACIONES S.A. E.S.P.,PREPAGO,DATA CARD,3G,2971
2025,2,COLOMBIA TELECOMUNICACIONES S.A. E.S.P.,PREPAGO,DATA CARD,4G,15087
2025,2,COLOMBIA TELECOMUNICACIONES S.A. E.S.P.,PREPAGO,TELÉFONO MÓVIL,5G,152047
2025,2,COLOMBIA TELECOMUNICACIONES S.A. E.S.P.,PREPAGO,TELÉFONO MÓVIL,3G,192002
2025,2,COLOMBIA TELECOMUNICACIONES S.A. E.S.P.,PREPAGO,TELÉFONO MÓVIL,4G,2944002
2025,2,COMUNICACION CELULAR S A COMCEL S A,POSPAGO,DATA CARD,5G,0
2025,2,COMUNICACION CELULAR S A COMCEL S A,POSPAGO,DATA CARD,2G,0
2025,2,COMUNICACION CELULAR S A COMCEL S A,POSPAGO,DATA CARD,3G,1
2025,2,COMUNICACION CELULAR S A COMCEL S A,POSPAGO,DATA CARD,4G,13
2025,2,COMUNICACION CELULAR S A COMCEL S A,POSPAGO,TELÉFONO MÓVIL,2G,17
2025,2,COMUNICACION CELULAR S A COMCEL S A,POSPAGO,TELÉFONO MÓVIL,5G,31
2025,2,COMUNICACION CELULAR S A COMCEL S A,PREPAGO,DATA CARD,2G,50
2025,2,COMUNICACION CELULAR S A COMCEL S A,POSPAGO,TELÉFONO MÓVIL,3G,251
2025,2,COMUNICACION CELULAR S A COMCEL S A,PREPAGO,DATA CARD,3G,1372
2025,2,COMUNICACION CELULAR S A COMCEL S A,PREPAGO,DATA CARD,5G,1442
2025,2,COMUNICACION CELULAR S A COMCEL S A,POSPAGO,TELÉFONO MÓVIL,4G,1807
2025,2,COMUNICACION CELULAR S A COMCEL S A,PREPAGO,DATA CARD,4G,12693
2025,2,COMUNICACION CELULAR S A COMCEL S A,PREPAGO,TELÉFONO MÓVIL,2G,66927
2025,2,COMUNICACION CELULAR S A COMCEL S A,PREPAGO,TELÉFONO MÓVIL,3G,833303
2025,2,COMUNICACION CELULAR S A COMCEL S A,PREPAGO,TELÉFONO MÓVIL,5G,919942
2025,2,COMUNICACION CELULAR S A COMCEL S A,PREPAGO,TELÉFONO MÓVIL,4G,15235076
2025,2,EMPRESA DE TELECOMUNICACIONES DE BOGOTA S.A. ESP,PREPAGO,TELÉFONO MÓVIL,3G,1904
2025,2,EMPRESA DE TELECOMUNICACIONES DE BOGOTA S.A. ESP,PREPAGO,TELÉFONO MÓVIL,4G,30766
2025,2,LIWA SAS ESP,PREPAGO,TELÉFONO MÓVIL,3G,58
2025,2,LIWA SAS ESP,PREPAGO,TELÉFONO MÓVIL,4G,3681
2025,2,LOGISTICA FLASH COLOMBIA S.A.S,PREPAGO,TELÉFONO MÓVIL,3G,0
2025,2,LOGISTICA FLASH COLOMBIA S.A.S,PREPAGO,TELÉFONO MÓVIL,4G,0
2025,2,LOV TELECOMUNICACIONES SAS,PREPAGO,TELÉFONO MÓVIL,3G,181
2025,2,LOV TELECOMUNICACIONES SAS,PREPAGO,TELÉFONO MÓVIL,5G,283
2025,2,LOV TELECOMUNICACIONES SAS,PREPAGO,TELÉFONO MÓVIL,4G,10110
2025,2,PARTNERS TELECOM COLOMBIA SAS,PREPAGO,TELÉFONO MÓVIL,3G,157595
2025,2,PARTNERS TELECOM COLOMBIA SAS,PREPAGO,TELÉFONO MÓVIL,4G,936478
2025,2,PLINTRON COLOMBIA SAS,PREPAGO,TELÉFONO MÓVIL,5G,5
2025,2,PLINTRON COLOMBIA SAS,PREPAGO,TELÉFONO MÓVIL,3G,2148
2025,2,PLINTRON COLOMBIA SAS,PREPAGO,TELÉFONO MÓVIL,4G,2275
2025,2,SUMA MOVIL S.A.S.,PREPAGO,TELÉFONO MÓVIL,3G,1638
2025,2,SUMA MOVIL S.A.S.,PREPAGO,TELÉFONO MÓVIL,4G,24542
2025,2,VIRGIN MOBILE COLOMBIA S.A.S.,PREPAGO,TELÉFONO MÓVIL,2G,5797
2025,2,VIRGIN MOBILE COLOMBIA S.A.S.,PREPAGO,TELÉFONO MÓVIL,3G,28885
2025,2,VIRGIN MOBILE COLOMBIA S.A.S.,PREPAGO,TELÉFONO MÓVIL,4G,362489
2025,3,ALMACENES EXITO INVERSIONES S.A.S.,PREPAGO,TELÉFONO MÓVIL,3G,20390
2025,3,ALMACENES EXITO INVERSIONES S.A.S.,PREPAGO,TELÉFONO MÓVIL,4G,414926
2025,3,Blue Skill Ltda,POSPAGO,DATA CARD,4G,0
2025,3,COLOMBIA MOVIL  S.A ESP,POSPAGO,DATA CARD,3G,0
2025,3,COLOMBIA MOVIL  S.A ESP,POSPAGO,DATA CARD,5G,0
2025,3,COLOMBIA MOVIL  S.A ESP,POSPAGO,DATA CARD,4G,1
2025,3,COLOMBIA MOVIL  S.A ESP,POSPAGO,TELÉFONO MÓVIL,5G,20
2025,3,COLOMBIA MOVIL  S.A ESP,PREPAGO,DATA CARD,5G,46
2025,3,COLOMBIA MOVIL  S.A ESP,POSPAGO,TELÉFONO MÓVIL,4G,48
2025,3,COLOMBIA MOVIL  S.A ESP,POSPAGO,TELÉFONO MÓVIL,3G,52
2025,3,COLOMBIA MOVIL  S.A ESP,PREPAGO,DATA CARD,3G,534
2025,3,COLOMBIA MOVIL  S.A ESP,PREPAGO,DATA CARD,4G,5276
2025,3,COLOMBIA MOVIL  S.A ESP,PREPAGO,TELÉFONO MÓVIL,5G,211659
2025,3,COLOMBIA MOVIL  S.A ESP,PREPAGO,TELÉFONO MÓVIL,3G,526459
2025,3,COLOMBIA MOVIL  S.A ESP,PREPAGO,TELÉFONO MÓVIL,4G,3864007
2025,3,COLOMBIA TELECOMUNICACIONES S.A. E.S.P.,POSPAGO,TELÉFONO MÓVIL,3G,2
2025,3,COLOMBIA TELECOMUNICACIONES S.A. E.S.P.,POSPAGO,TELÉFONO MÓVIL,4G,15
2025,3,COLOMBIA TELECOMUNICACIONES S.A. E.S.P.,PREPAGO,DATA CARD,2G,15
2025,3,COLOMBIA TELECOMUNICACIONES S.A. E.S.P.,PREPAGO,DATA CARD,5G,68
2025,3,COLOMBIA TELECOMUNICACIONES S.A. E.S.P.,PREPAGO,TELÉFONO MÓVIL,2G,339
2025,3,COLOMBIA TELECOMUNICACIONES S.A. E.S.P.,PREPAGO,DATA CARD,3G,2254
2025,3,COLOMBIA TELECOMUNICACIONES S.A. E.S.P.,PREPAGO,DATA CARD,4G,15909
2025,3,COLOMBIA TELECOMUNICACIONES S.A. E.S.P.,PREPAGO,TELÉFONO MÓVIL,3G,150392
2025,3,COLOMBIA TELECOMUNICACIONES S.A. E.S.P.,PREPAGO,TELÉFONO MÓVIL,5G,161941
2025,3,COLOMBIA TELECOMUNICACIONES S.A. E.S.P.,PREPAGO,TELÉFONO MÓVIL,4G,3079806
2025,3,COMUNICACION CELULAR S A COMCEL S A,POSPAGO,DATA CARD,3G,0
2025,3,COMUNICACION CELULAR S A COMCEL S A,POSPAGO,DATA CARD,5G,0
2025,3,COMUNICACION CELULAR S A COMCEL S A,POSPAGO,DATA CARD,2G,0
2025,3,COMUNICACION CELULAR S A COMCEL S A,POSPAGO,TELÉFONO MÓVIL,2G,9
2025,3,COMUNICACION CELULAR S A COMCEL S A,POSPAGO,DATA CARD,4G,13
2025,3,COMUNICACION CELULAR S A COMCEL S A,POSPAGO,TELÉFONO MÓVIL,5G,29
2025,3,COMUNICACION CELULAR S A COMCEL S A,PREPAGO,DATA CARD,2G,41
2025,3,COMUNICACION CELULAR S A COMCEL S A,POSPAGO,TELÉFONO MÓVIL,3G,203
2025,3,COMUNICACION CELULAR S A COMCEL S A,PREPAGO,DATA CARD,3G,1250
2025,3,COMUNICACION CELULAR S A COMCEL S A,PREPAGO,DATA CARD,5G,1510
2025,3,COMUNICACION CELULAR S A COMCEL S A,POSPAGO,TELÉFONO MÓVIL,4G,1712
2025,3,COMUNICACION CELULAR S A COMCEL S A,PREPAGO,DATA CARD,4G,11867
2025,3,COMUNICACION CELULAR S A COMCEL S A,PREPAGO,TELÉFONO MÓVIL,2G,55743
2025,3,COMUNICACION CELULAR S A COMCEL S A,PREPAGO,TELÉFONO MÓVIL,3G,750418
2025,3,COMUNICACION CELULAR S A COMCEL S A,PREPAGO,TELÉFONO MÓVIL,5G,1102463
2025,3,COMUNICACION CELULAR S A COMCEL S A,PREPAGO,TELÉFONO MÓVIL,4G,15091615
2025,3,EMPRESA DE TELECOMUNICACIONES DE BOGOTA S.A. ESP,PREPAGO,TELÉFONO MÓVIL,3G,1477
2025,3,EMPRESA DE TELECOMUNICACIONES DE BOGOTA S.A. ESP,PREPAGO,TELÉFONO MÓVIL,4G,27979
2025,3,LIWA SAS ESP,PREPAGO,TELÉFONO MÓVIL,3G,53
2025,3,LIWA SAS ESP,PREPAGO,TELÉFONO MÓVIL,4G,3733
2025,3,LOGISTICA FLASH COLOMBIA S.A.S,PREPAGO,TELÉFONO MÓVIL,4G,0
2025,3,LOGISTICA FLASH COLOMBIA S.A.S,PREPAGO,TELÉFONO MÓVIL,3G,0
2025,3,LOV TELECOMUNICACIONES SAS,PREPAGO,TELÉFONO MÓVIL,5G,111
2025,3,LOV TELECOMUNICACIONES SAS,PREPAGO,TELÉFONO MÓVIL,3G,121
2025,3,LOV TELECOMUNICACIONES SAS,PREPAGO,TELÉFONO MÓVIL,4G,8717
2025,3,PARTNERS TELECOM COLOMBIA SAS,PREPAGO,TELÉFONO MÓVIL,3G,168519
2025,3,PARTNERS TELECOM COLOMBIA SAS,PREPAGO,TELÉFONO MÓVIL,4G,941839
2025,3,PLINTRON COLOMBIA SAS,PREPAGO,TELÉFONO MÓVIL,5G,2
2025,3,PLINTRON COLOMBIA SAS,PREPAGO,TELÉFONO MÓVIL,3G,3519
2025,3,PLINTRON COLOMBIA SAS,PREPAGO,TELÉFONO MÓVIL,4G,3833
2025,3,SUMA MOVIL S.A.S.,PREPAGO,TELÉFONO MÓVIL,3G,1560
2025,3,SUMA MOVIL S.A.S.,PREPAGO,TELÉFONO MÓVIL,4G,24554
2025,3,VIRGIN MOBILE COLOMBIA S.A.S.,PREPAGO,TELÉFONO MÓVIL,2G,4988
2025,3,VIRGIN MOBILE COLOMBIA S.A.S.,PREPAGO,TELÉFONO MÓVIL,3G,24855
2025,3,VIRGIN MOBILE COLOMBIA S.A.S.,PREPAGO,TELÉFONO MÓVIL,4G,381908
2025,4,ALMACENES EXITO INVERSIONES S.A.S.,PREPAGO,TELÉFONO MÓVIL,3G,34742
2025,4,ALMACENES EXITO INVERSIONES S.A.S.,PREPAGO,TELÉFONO MÓVIL,4G,430511
2025,4,COLOMBIA MOVIL  S.A ESP,POSPAGO,DATA CARD,4G,1
2025,4,COLOMBIA MOVIL  S.A ESP,POSPAGO,TELÉFONO MÓVIL,5G,11
2025,4,COLOMBIA MOVIL  S.A ESP,POSPAGO,TELÉFONO MÓVIL,4G,15
2025,4,COLOMBIA MOVIL  S.A ESP,PREPAGO,DATA CARD,5G,45
2025,4,COLOMBIA MOVIL  S.A ESP,POSPAGO,TELÉFONO MÓVIL,3G,79
2025,4,COLOMBIA MOVIL  S.A ESP,PREPAGO,DATA CARD,3G,442
2025,4,COLOMBIA MOVIL  S.A ESP,PREPAGO,DATA CARD,4G,4948
2025,4,COLOMBIA MOVIL  S.A ESP,PREPAGO,TELÉFONO MÓVIL,5G,272007
2025,4,COLOMBIA MOVIL  S.A ESP,PREPAGO,TELÉFONO MÓVIL,3G,583175
2025,4,COLOMBIA MOVIL  S.A ESP,PREPAGO,TELÉFONO MÓVIL,4G,3946164
2025,4,COLOMBIA TELECOMUNICACIONES S.A. E.S.P.,POSPAGO,TELÉFONO MÓVIL,3G,4
2025,4,COLOMBIA TELECOMUNICACIONES S.A. E.S.P.,PREPAGO,DATA CARD,2G,18
2025,4,COLOMBIA TELECOMUNICACIONES S.A. E.S.P.,POSPAGO,TELÉFONO MÓVIL,4G,56
2025,4,COLOMBIA TELECOMUNICACIONES S.A. E.S.P.,POSPAGO,TELÉFONO MÓVIL,5G,57
2025,4,COLOMBIA TELECOMUNICACIONES S.A. E.S.P.,PREPAGO,DATA CARD,5G,268
2025,4,COLOMBIA TELECOMUNICACIONES S.A. E.S.P.,PREPAGO,TELÉFONO MÓVIL,2G,327
2025,4,COLOMBIA TELECOMUNICACIONES S.A. E.S.P.,PREPAGO,DATA CARD,3G,2618
2025,4,COLOMBIA TELECOMUNICACIONES S.A. E.S.P.,PREPAGO,DATA CARD,4G,19380
2025,4,COLOMBIA TELECOMUNICACIONES S.A. E.S.P.,PREPAGO,TELÉFONO MÓVIL,3G,121315
2025,4,COLOMBIA TELECOMUNICACIONES S.A. E.S.P.,PREPAGO,TELÉFONO MÓVIL,5G,511830
2025,4,COLOMBIA TELECOMUNICACIONES S.A. E.S.P.,PREPAGO,TELÉFONO MÓVIL,4G,2942513
2025,4,COMUNICACION CELULAR S A COMCEL S A,POSPAGO,DATA CARD,2G,0
2025,4,COMUNICACION CELULAR S A COMCEL S A,POSPAGO,DATA CARD,5G,0
2025,4,COMUNICACION CELULAR S A COMCEL S A,POSPAGO,DATA CARD,3G,1
2025,4,COMUNICACION CELULAR S A COMCEL S A,POSPAGO,DATA CARD,4G,13
2025,4,COMUNICACION CELULAR S A COMCEL S A,POSPAGO,TELÉFONO MÓVIL,2G,14
2025,4,COMUNICACION CELULAR S A COMCEL S A,POSPAGO,TELÉFONO MÓVIL,5G,21
2025,4,COMUNICACION CELULAR S A COMCEL S A,PREPAGO,DATA CARD,2G,34
2025,4,COMUNICACION CELULAR S A COMCEL S A,POSPAGO,TELÉFONO MÓVIL,3G,185
2025,4,COMUNICACION CELULAR S A COMCEL S A,PREPAGO,DATA CARD,3G,1243
2025,4,COMUNICACION CELULAR S A COMCEL S A,POSPAGO,TELÉFONO MÓVIL,4G,1476
2025,4,COMUNICACION CELULAR S A COMCEL S A,PREPAGO,DATA CARD,5G,1514
2025,4,COMUNICACION CELULAR S A COMCEL S A,PREPAGO,DATA CARD,4G,11358
2025,4,COMUNICACION CELULAR S A COMCEL S A,PREPAGO,TELÉFONO MÓVIL,2G,47956
2025,4,COMUNICACION CELULAR S A COMCEL S A,PREPAGO,TELÉFONO MÓVIL,3G,699003
2025,4,COMUNICACION CELULAR S A COMCEL S A,PREPAGO,TELÉFONO MÓVIL,5G,1314420
2025,4,COMUNICACION CELULAR S A COMCEL S A,PREPAGO,TELÉFONO MÓVIL,4G,14899668
2025,4,EMPRESA DE TELECOMUNICACIONES DE BOGOTA S.A. ESP,PREPAGO,TELÉFONO MÓVIL,3G,1106
2025,4,EMPRESA DE TELECOMUNICACIONES DE BOGOTA S.A. ESP,PREPAGO,TELÉFONO MÓVIL,4G,38631
2025,4,LIWA SAS ESP,PREPAGO,TELÉFONO MÓVIL,3G,87
2025,4,LIWA SAS ESP,PREPAGO,TELÉFONO MÓVIL,4G,3933
2025,4,LOV TELECOMUNICACIONES SAS,PREPAGO,TELÉFONO MÓVIL,5G,111
2025,4,LOV TELECOMUNICACIONES SAS,PREPAGO,TELÉFONO MÓVIL,3G,146
2025,4,LOV TELECOMUNICACIONES SAS,PREPAGO,TELÉFONO MÓVIL,4G,7598
2025,4,PARTNERS TELECOM COLOMBIA SAS,PREPAGO,TELÉFONO MÓVIL,3G,172841
2025,4,PARTNERS TELECOM COLOMBIA SAS,PREPAGO,TELÉFONO MÓVIL,4G,987158
2025,4,PLINTRON COLOMBIA SAS,PREPAGO,TELÉFONO MÓVIL,5G,19
2025,4,PLINTRON COLOMBIA SAS,PREPAGO,TELÉFONO MÓVIL,3G,5524
2025,4,PLINTRON COLOMBIA SAS,PREPAGO,TELÉFONO MÓVIL,4G,6271
2025,4,SUMA MOVIL S.A.S.,PREPAGO,TELÉFONO MÓVIL,3G,1320
2025,4,SUMA MOVIL S.A.S.,PREPAGO,TELÉFONO MÓVIL,4G,26590
2025,4,VIRGIN MOBILE COLOMBIA S.A.S.,PREPAGO,TELÉFONO MÓVIL,2G,5891
2025,4,VIRGIN MOBILE COLOMBIA S.A.S.,PREPAGO,TELÉFONO MÓVIL,3G,29356
2025,4,VIRGIN MOBILE COLOMBIA S.A.S.,PREPAGO,TELÉFONO MÓVIL,4G,368391
